INSERT INTO `categoria` (idcategoria, nombre) VALUES (1,'panaderia'),(2,'pasteleria'),(3,'confiteria'),(4,'abarrotes'),(5,'bocaditos'),(6,'frutas'),(7,'limpieza'),(8,'verduras');
INSERT INTO `productos` (idproductos,nombre, precio, descripcion, idcategoria, foto, stock) VALUES (1,'Pan Francés',4.9,'HARINA DE TRIGO FORTIFICADA PARA PERÚ SEGÚN DS012-2006-SA, agua, manteca, sal, azúcar, mejorador y levadura.',1,'panes.jpg',50),(2,'Pan Ciabatta',2.5,'HARINA DE TRIGO FORTIFICADA PARA PERÚ SEGÚN DS012-2006-SA, agua, easy ciabatta y levadura.',1,'pan-ciabatta.jpg',30),(3,'Pan Integral',2.2,'Harina integral, azúcar, sal, mejorador, manteca, levadura y agua.',1,'pan-integral.jpg',30),(4,'Mini Cachitos',1.95,'HARINA DE TRIGO FORTIFICADA PARA PERÚ SEGÚN DS012-2006-SA, margarina, agua, huevo, azúcar, leche en polvo, levadura,',1,'mini-cachitos.jpg',25),(5,'Pan Árabe',3.2,'Harina integral, mejorador, sal, levadura y agua.',1,'pan-arabe.jpg',10),(6,'Pan de Yema',2.5,'HARINA DE TRIGO FORTIFICADA PARA PERÚ SEGÚN DS012-2006-SA, agua, azúcar, margarina, huevo, mejorador, levadura, anís y ajonjolí.',1,'pan-yema.jpg',15),(7,'Pan Carioca',2.5,'HARINA DE TRIGO FORTIFICADA PARA PERÚ SEGÚN DS012-2006-SA, agua, manteca, sal, azúcar, mejorador y levadura.',1,'pan-carioca.jpg',30),(8,'Pan Karamanduka',4.35,'Harina integral, mejorador, sal, levadura y agua',1,'pan-karamandunga.jpg',45),(9,'Mini Croissant ',2.6,'Harina integral, mejorador, sal, levadura y agua',1,'pan-croissant.jpg',41),(10,'Pan Hamburguesa',2.8,'Harina integral, mejorador, sal, levadura y agua',1,'pan-hamburguesa.jpg',30),(11,'Pan Pizza',4.35,'HARINA DE TRIGO FORTIFICADA PARA PERÚ SEGÚN DS012-2006-SA, agua, jamón pizza, queso edam, azúcar, manteca, huevo, sal,',1,'pan-pizza.jpg',12),(12,'Pan Brioche',2.7,'HARINA DE TRIGO FORTIFICADA PARA PERÚ SEGÚN DS012-2006-SA, margarina, huevo, azúcar, leche en polvo, levadura, mejorador y sal.',1,'pan-brioche.jpg',45),(13,'Pan de Centeno',5.2,'Harina integral centeno, agua y levadura.',1,'pan-centeno.jpg',10),(14,'Croissant Clásico',2.9,'Harina integral centeno, agua y levadura.',1,'pan-croissant.jpg',34),(15,'Pan Rústico',7.8,'Harina integral centeno, agua y levadura.',1,'pan-rustico.jpg',45),(16,'Pan de la Casa',1.3,'HARINA DE TRIGO FORTIFICADA PARA PERÚ SEGÚN DS012-2006-SA, agua, azúcar, manteca, leche en polvo, levadura, mejorador y sal.',1,'pan-casa.jpg',62),(17,'Pan Hot Dog',2.5,'HARINA DE TRIGO FORTIFICADA PARA PERÚ SEGÚN DS012-2006-SA, agua, azúcar, manteca, levadura, sal y mejorador.',1,'pan-hot-dog.jpg',20),(18,'Pan Coliza',2.4,'HARINA DE TRIGO FORTIFICADA PARA PERÚ SEGÚN DS012-2006-SA, agua, azúcar, manteca, levadura, mejorador y sal.',1,'pan-coliza.jpg',3),(19,'Pan Baguette',3.6,'HARINA DE TRIGO FORTIFICADA PARA PERÚ SEGÚN DS012-2006-SA, agua, sal, azúcar, mejorador y levadura.',1,'pan-baguette.jpg',45),(20,'Torta Tres Leches Maracuyá',35.2,NULL,2,'tres-leches.jpg',41),(21,'Crema Volteada',39.92,NULL,2,'crema-volteada.jpg',34),(22,'Torta Helada de Fresa Corazón',50,NULL,2,'torta-helada-corazon.jpg',10),(23,'Torta Helada de Durazno',35,NULL,2,'torta-helada-durazno.jpg',10),(24,'Torta Helada Arco Iris',40,'',2,'minikake.jpg',345),(25,'Torta Candy Cake Petit',30,NULL,2,'candy-cake-petit.jpg',8),(26,'Torta de Chantilly ',40,NULL,2,'torta-chantilly.jpg',4),(27,'Torta Delicia de Fresas',42.6,'Bizcochuelo de vainilla embebido en Tres leches, compota de fresas y manjar, decorado con chantilly y comprota de fresa.',2,'torta-delicia.jpg',4),(29,'Croissant Mixto de Jamón',10.5,'Contiene 1 unid, con jamón y queso y exquisita mezcla de sabores',3,'jamon.jpg',5),(30,'Sandwich Panini de Jamón de Pavita',12.5,'Contiene 1 unid, con jamón y queso y exquisita mezcla de sabores',3,'sandwich-panini.jpg',6),(31,'Empanada de Pollo De La Casa',5.5,'Rellena de pollo',3,'empanada.jpg',4),(32,'Chocoteja rellena de mani',2.5,'Rellena de mani y manjarblanco',3,'chocoteja.jpg',1),(33,'Arroz Extra Costeño Bolsa 5 Kg',25.3,'Arroz de 5Kg',4,'arrozcs.jpg',1),(34,'Aceite Vegetal Primor Premium Botella 1 L',12.19,'Botella 1 L',4,'aceite-primor.jpg',3),(35,'Lentejas Bebé Bolsa 500 g',6,'Bolsa de 500g',4,'lentejas-bebe.jpg',10),(36,'Sal de Mesa Marina Emsal Bolsa 1 kg',1.5,'Bolsa 1 kg',4,'sal-mesa.jpg',3),(37,'Spaguetti Don Vittorio Paquete 1 Kg',4.2,'Paquete 1 Kg',4,'fideo-donvictorio.jpg',4),(38,'Arroz Extra Costeño Bolsa 750 g',4.1,'Bolsa 750 g',4,'arrozc.jpg',5),(39,'Trozos de Atún Campomar en Aceite Vegetal',5.5,'Contenido de 170 gramos- Filete de atún- Conservado en aceite vegetal- Contiene Omega 3- Producto peruano- ver más',4,'atun-campomar.jpg',30),(40,'Maíz Pop Corn Costeño Bolsa 500 g',4.5,'Bolsa 500 g',4,'maiz-pop.jpg',123),(41,'Durazno En Mitades Arica Contenido 820 g',9.5,'Contenido 820 g',4,'durazno-arica.jpg',45),(42,'Leche Evaporada Entera Gloria',3.5,' Lata 400 gr',4,'leche-gloria.jpg',45),(43,' Pack de 6 Leche Gloria',25.5,'Lata 400 gr',4,'lata-leche-gloria.jpg',NULL),(44,'Yogurt Parcialmente Descremado Piña Gloria',6.5,'Botella 1 kg',4,'yogurt.jpg',19),(45,'Laive Vainilla Botella 1 Kg',6.8,'Botella 1 Kg',4,'yogurt-laive.jpg',30),(46,'Bombones Ferrero Rocher',60,'Contenido 12 Unidades',5,'bonbones-ferrero.jpg',NULL),(47,'Bombones Mixtura',30,'La Ibérica Caja 220 g',5,'mixtura.jpg',NULL),(48,'Bombones de Chocolate Italian',100,'Caja 160 g',5,'bonbones-chocolate.jpg',NULL),(49,'Bombones con Relleno de Crema',20,'I Love You Bon o Bon Lata 180 gr',5,'bon-bon.jpg',NULL),(50,'Bombones de Chocolate con Crema de Maní ',35,'Princesa Caja 16 unid',5,'princesa.jpg',NULL),(51,'Plátano de Seda ',4.99,'Tipo Exportación x kg',6,'platano.jpg',16),(52,'Papaya x kg',7,'Papaya x kg',6,'papaya.jpg',35),(53,'Naranja para Jugo',10,'Naranja para Jugo',6,'naranjas.jpg',12),(54,'Mandarina Sin Pepa ',10.99,'Mandarina Sin Pepa La Pecosita x 2 kg',6,'mandarina.jpg',23),(55,'Manzana',3.17,'Manzana Delicia Extra x kg',6,'manzana.jpg',34),(56,'Melocotón Añawi x kg',12.3,'Melocotón Añawi x kg',6,'melocoton.jpg',15),(57,'Pera',7.8,'Pera Packhams x kg',6,'pera.jpg',45),(58,'Mango Kent',5,'Mango Kent xKg',6,'mango.jpg',13),(59,'Granadilla',1,'Granadilla Extra x unid',6,'granadilla.jpg',15),(60,'Uva Sultana Nacional x kg',12,'Uva Sultana Nacional x kg',6,'uva.jpg',35),(61,'Mango Edward',8,'Mango Edwardx kg',6,'mando-edward.jpg',5),(62,'Fideos Tornillo de Colores',2,'Fideos Tornillo de Colores Don Vittorio Bolsa 250 gr',4,'tornillocolores.jpg',30),(63,'Filete de Atún',6.5,'Trozos de Atún Primor Lata 170 g',4,'atun.jpg',14),(64,'Sillao Aji-No-Sillao ',4.5,'Sillao Aji-No-Sillao Botella 500 ml',4,'sillao.jpg',31),(65,'Orégano Entero ',3.5,'Orégano Entero Max & Mix Sobre 10 g',4,'oregano.jpg',28),(66,'Zanahoria x kg',4.51,'Zanahoria x kg',8,'zanahoria.jpg',34),(67,'Tomate Italiano x kg',4.5,'1 Kg = 6 a 7 Unid aprox',8,'tomate.jpg',40),(68,'Limón x kg',4.5,'Limón x kg',8,'limon.jpg',33),(69,'Palta Fuerte Verde x kg',9.5,'Este producto no necesariamente se encuentra maduro.',8,'palta.jpg',33),(70,'Choclo Serrano x unid',2.2,'- Producto en temporada baja',8,'choclo.jpg',55),(71,'Papa Amarilla Tumbay Procesada x kg',5.5,'Enmallada',8,'papa.jpg',19),(75,'Zapallo ',4.5,'Zapallo amarillo fresco',8,'zapallo.jpg',15);
INSERT INTO `usuario` (id, nombre, apellido, email,password) VALUES  (1,'carlos','villena','carlos@gmail.com','123456789'),(2,'ricardo','cabrejos','ricardo@gmail.com','123456789'),(3,'maria','ccolcca','maria@gmail.com','123456789'),(4,'jose','martinez','jose@gmail.com','123454678'),(5,'jesus','trujillo','jesus@gmai..com','123456789'),(6,'zoe','cabrejos','zoe@gmail.com','123456789'),(7,'angel','peralta','peralta@gmai.coml','123456789'),(8,'kelly','martinez','kelly@gmail.com','123456789'),(9,'manuel ','rivadeneria','manuel@gmail.com','123456789'),(10,'yampier','cabrejos','yampier@gmail.com','123456789'),(11,'daniel','santos','daniel@gmail.com','123456789'),(12,'armando','espinoza','armando@gmail.com','123456789'),(13,'mariluz ','ccolcca','mariluz@gmail.com','123456789'),(14,'cachique','FALCON','cachique@gmail.com','933323597');
INSERT INTO `administrador` (idadministrador, nombre, apellido, correo, password, rol) VALUES (1,'Carlos Ricardo','Villena Cabrejos','cvillenacabrejos@gmail.com','123456789','ROLE_ADMI'),(2,'Eduardo Rafel','Jauregui Romero','eduardo@panecillos.com','123456789','ROLE_ADMI'),(3,'Williams Eduardo','Cachique Falcon','willians@panecillos.com','123456789','ROLE_ADMI'),(7,'Christian Enrique','Torres Berlanga','christian@panecillos.com','123456789','ROLE_ADMI'),(8,'Daniel Israel','Santos Rojas','daniel@panecillos.com','123456789','ROLE_ADMI');
INSERT INTO `pago` (idpago, monto) VALUES (1,396),(2,162.18),(3,0),(4,150),(5,209.6),(6,2.8),(7,103.76),(8,0),(9,2.5),(10,2.5),(11,10),(12,11.2),(13,12.5),(14,12.5),(15,10),(16,10),(17,12.5),(18,2.8),(19,11.2),(20,390.4),(21,70),(22,70),(23,70),(24,110),(26,239.76),(27,24.5);
INSERT INTO `compras` (idcompras, idcliente, idpago, fecha, monto) VALUES (3,NULL,NULL,NULL,12.5),(10,NULL,1,'2022-01-20',396),(11,NULL,2,'2022-01-20',162.18),(12,NULL,4,'2022-01-21',150),(13,NULL,5,'2022-01-21',209.6),(14,NULL,6,'2022-01-21',2.8),(15,NULL,7,'2022-01-21',103.76),(16,NULL,10,'2022-01-23',2.5),(17,NULL,11,'2022-01-23',10),(18,NULL,12,'2022-01-23',11.2),(19,NULL,17,'2022-01-23',12.5),(20,NULL,18,'2022-01-23',2.8),(21,1,19,'2022-01-23',11.2),(22,1,20,'2022-01-23',390.4),(23,1,21,'2022-01-23',70),(24,2,22,'2022-01-27',70),(25,2,23,'2022-01-27',70),(26,1,24,'2022-01-27',110),(28,13,26,'2022-01-29',239.76);
INSERT INTO `detalle_compras` (iddetalle,idproducto, idcompras, cantidad, precio_compra) VALUES (1,NULL,NULL,5,2.5),(16,20,NULL,5,35.2),(17,22,NULL,4,50),(18,3,NULL,4,2.2),(19,1,NULL,4,2.8),(20,21,11,4,39.92),(21,6,11,1,2.5),(22,22,12,3,50),(23,2,13,4,2.5),(24,21,13,5,39.92),(25,1,14,1,2.8),(26,10,15,5,2.8),(27,21,15,3,39.92),(28,2,16,1,2.5),(29,2,17,4,2.5),(30,1,18,4,2.8),(31,2,19,5,2.5),(32,1,20,1,2.8),(33,1,21,4,2.8),(34,24,22,4,25),(35,25,22,4,30),(36,27,22,4,42.6),(37,49,23,5,20),(38,24,24,4,25),(39,24,25,4,25),(40,24,26,4,25),(41,49,26,2,20),(43,22,28,3,50),(44,21,28,3,39.92);
